country,year,gas,sector,subsector,aggregation_level,component,quantity_kind,national_quantity_tco2e,national_input_status,weight_input_status,boundary_sha256,boundary_status,spatial_method,model_status,gap_status,reference_national_component_tco2e,reference_unlocated_tco2e,located_weight_sum,allocated_district_tco2e,national_unallocated_tco2e,allocation_status,reconciliation_error_tco2e
UGA,2021,co2e_100yr,agriculture,crop-residues,subsector,emissions,synthetic_government_emissions_not_ndc_target,76547.5014491914,synthetic,reference_2021,5b103a8a1ea23e424ba95c3dc0a0ae3d60919ad39e2a31e5cb755d49bc981de3,provisional_not_team_confirmed,point_or_reported_centroid_in_polygon,modeled,not_assessed_thresholds_pending,71779.20750,0,0.9999999999999999999999999998,76547.50144919139999999999999,1E-23,allocated,0E-23
UGA,2021,co2e_100yr,agriculture,cropland-fires,subsector,emissions,synthetic_government_emissions_not_ndc_target,267820.6608873100,synthetic,reference_2021,5b103a8a1ea23e424ba95c3dc0a0ae3d60919ad39e2a31e5cb755d49bc981de3,provisional_not_team_confirmed,point_or_reported_centroid_in_polygon,modeled,not_assessed_thresholds_pending,249136.64715,0,0.9999999999999999999999999998,267820.6608873100000000000004,-4E-22,allocated,0E-22
UGA,2021,co2e_100yr,agriculture,enteric-fermentation-cattle-pasture,subsector,emissions,synthetic_government_emissions_not_ndc_target,12059844.434871238,synthetic,reference_2021,5b103a8a1ea23e424ba95c3dc0a0ae3d60919ad39e2a31e5cb755d49bc981de3,provisional_not_team_confirmed,point_or_reported_centroid_in_polygon,modeled,not_assessed_thresholds_pending,11241348.71351,0,0.9999999999999999999999999996,12059844.43487123799999999997,3E-20,allocated,0E-20
UGA,2021,co2e_100yr,agriculture,manure-applied-to-soils,subsector,emissions,synthetic_government_emissions_not_ndc_target,414112.2725011777,synthetic,reference_2021,5b103a8a1ea23e424ba95c3dc0a0ae3d60919ad39e2a31e5cb755d49bc981de3,provisional_not_team_confirmed,point_or_reported_centroid_in_polygon,modeled,not_assessed_thresholds_pending,388803.33492,0,1.000000000000000000000000000,414112.2725011776999999999998,2E-22,allocated,0E-22
UGA,2021,co2e_100yr,agriculture,manure-left-on-pasture-cattle,subsector,emissions,synthetic_government_emissions_not_ndc_target,3429409.1331746525,synthetic,reference_2021,5b103a8a1ea23e424ba95c3dc0a0ae3d60919ad39e2a31e5cb755d49bc981de3,provisional_not_team_confirmed,point_or_reported_centroid_in_polygon,modeled,not_assessed_thresholds_pending,3224925.93253,0,1.000000000000000000000000000,3429409.133174652500000000004,-4E-21,allocated,0E-21
UGA,2021,co2e_100yr,agriculture,rice-cultivation,subsector,emissions,synthetic_government_emissions_not_ndc_target,168222.55318390,synthetic,reference_2021,5b103a8a1ea23e424ba95c3dc0a0ae3d60919ad39e2a31e5cb755d49bc981de3,provisional_not_team_confirmed,point_or_reported_centroid_in_polygon,modeled,not_assessed_thresholds_pending,153073.57077395,0,1.000000000000000000000000000,168222.5531839000000000000002,-2E-22,allocated,0E-22
UGA,2021,co2e_100yr,agriculture,synthetic-fertilizer-application,subsector,emissions,synthetic_government_emissions_not_ndc_target,47785.4186095469,synthetic,reference_2021,5b103a8a1ea23e424ba95c3dc0a0ae3d60919ad39e2a31e5cb755d49bc981de3,provisional_not_team_confirmed,point_or_reported_centroid_in_polygon,modeled,not_assessed_thresholds_pending,44692.26762,0,0.9999999999999999999999999997,47785.41860954690000000000001,-1E-23,allocated,0E-23
UGA,2021,co2e_100yr,buildings,non-residential-onsite-fuel-usage,subsector,emissions,synthetic_government_emissions_not_ndc_target,295901.62744375094,synthetic,reference_2021,5b103a8a1ea23e424ba95c3dc0a0ae3d60919ad39e2a31e5cb755d49bc981de3,provisional_not_team_confirmed,point_or_reported_centroid_in_polygon,modeled,not_assessed_thresholds_pending,276842.395620,0,1.000000000000000000000000000,295901.6274437509400000000004,-4E-22,allocated,0E-22
UGA,2021,co2e_100yr,buildings,residential-onsite-fuel-usage,subsector,emissions,synthetic_government_emissions_not_ndc_target,5267885.9607098,synthetic,reference_2021,5b103a8a1ea23e424ba95c3dc0a0ae3d60919ad39e2a31e5cb755d49bc981de3,provisional_not_team_confirmed,point_or_reported_centroid_in_polygon,modeled,not_assessed_thresholds_pending,4950572.492766,0,0.9999999999999999999999999999,5267885.960709799999999999994,6E-21,allocated,0E-21
UGA,2021,co2e_100yr,forestry-and-land-use,forest-land-clearing,subsector,emissions,synthetic_government_emissions_not_ndc_target,4259240.1792048389,synthetic,reference_2021,5b103a8a1ea23e424ba95c3dc0a0ae3d60919ad39e2a31e5cb755d49bc981de3,provisional_not_team_confirmed,point_or_reported_centroid_in_polygon,modeled,not_assessed_thresholds_pending,4464914.85489,0,1.000000000000000000000000000,4259240.179204838900000000003,-3E-21,allocated,0E-21
UGA,2021,co2e_100yr,forestry-and-land-use,forest-land-degradation,subsector,emissions,synthetic_government_emissions_not_ndc_target,186282.9976281811,synthetic,reference_2021,5b103a8a1ea23e424ba95c3dc0a0ae3d60919ad39e2a31e5cb755d49bc981de3,provisional_not_team_confirmed,point_or_reported_centroid_in_polygon,modeled,not_assessed_thresholds_pending,192265.67971,0,1.000000000000000000000000000,186282.9976281811000000000002,-2E-22,allocated,0E-22
UGA,2021,co2e_100yr,forestry-and-land-use,forest-land-fires,subsector,emissions,synthetic_government_emissions_not_ndc_target,10147999.6265619195,synthetic,reference_2021,5b103a8a1ea23e424ba95c3dc0a0ae3d60919ad39e2a31e5cb755d49bc981de3,provisional_not_team_confirmed,point_or_reported_centroid_in_polygon,modeled,not_assessed_thresholds_pending,11036375.17504,0,1.000000000000000000000000000,10147999.62656191950000000001,-1E-20,allocated,0E-20
UGA,2021,co2e_100yr,forestry-and-land-use,net-forest-land,subsector,emissions,synthetic_government_emissions_not_ndc_target,5340872.38825679,synthetic,reference_2021,5b103a8a1ea23e424ba95c3dc0a0ae3d60919ad39e2a31e5cb755d49bc981de3,provisional_not_team_confirmed,point_or_reported_centroid_in_polygon,modeled,not_assessed_thresholds_pending,5705566.37665,0,0.9999999999999999999999999999,5340872.388256790000000000000,0E-21,allocated,0E-21
UGA,2021,co2e_100yr,forestry-and-land-use,net-forest-land,subsector,removals,synthetic_government_emissions_not_ndc_target,-3171812.489292118,synthetic,reference_2021,5b103a8a1ea23e424ba95c3dc0a0ae3d60919ad39e2a31e5cb755d49bc981de3,provisional_not_team_confirmed,point_or_reported_centroid_in_polygon,modeled,not_assessed_thresholds_pending,-3423684.75307,-0,1.000000000000000000000000000,-3171812.489292117999999999999,-1E-21,allocated,-0E-21
UGA,2021,co2e_100yr,forestry-and-land-use,net-shrubgrass,subsector,emissions,synthetic_government_emissions_not_ndc_target,344834.251867159,synthetic,reference_2021,5b103a8a1ea23e424ba95c3dc0a0ae3d60919ad39e2a31e5cb755d49bc981de3,provisional_not_team_confirmed,point_or_reported_centroid_in_polygon,modeled,not_assessed_thresholds_pending,350492.24209,0,1.000000000000000000000000000,344834.2518671590000000000001,-1E-22,allocated,0E-22
UGA,2021,co2e_100yr,forestry-and-land-use,net-shrubgrass,subsector,removals,synthetic_government_emissions_not_ndc_target,-10607258.52581212,synthetic,reference_2021,5b103a8a1ea23e424ba95c3dc0a0ae3d60919ad39e2a31e5cb755d49bc981de3,provisional_not_team_confirmed,point_or_reported_centroid_in_polygon,modeled,not_assessed_thresholds_pending,-10971400.48435,-0,1.000000000000000000000000000,-10607258.52581212000000000000,-0E-20,allocated,-0E-20
UGA,2021,co2e_100yr,forestry-and-land-use,net-soil-organic-carbon,subsector,emissions,synthetic_government_emissions_not_ndc_target,5506637.623550824,synthetic,reference_2021,5b103a8a1ea23e424ba95c3dc0a0ae3d60919ad39e2a31e5cb755d49bc981de3,provisional_not_team_confirmed,point_or_reported_centroid_in_polygon,modeled,not_assessed_thresholds_pending,5861528.64524,0,1.000000000000000000000000000,5506637.623550823999999999996,4E-21,allocated,0E-21
UGA,2021,co2e_100yr,forestry-and-land-use,net-wetland,subsector,emissions,synthetic_government_emissions_not_ndc_target,159734.7215984887,synthetic,reference_2021,5b103a8a1ea23e424ba95c3dc0a0ae3d60919ad39e2a31e5cb755d49bc981de3,provisional_not_team_confirmed,point_or_reported_centroid_in_polygon,modeled,not_assessed_thresholds_pending,175570.85853,0,1.000000000000000000000000000,159734.7215984887000000000001,-1E-22,allocated,0E-22
UGA,2021,co2e_100yr,forestry-and-land-use,net-wetland,subsector,removals,synthetic_government_emissions_not_ndc_target,-3207258.395804246,synthetic,reference_2021,5b103a8a1ea23e424ba95c3dc0a0ae3d60919ad39e2a31e5cb755d49bc981de3,provisional_not_team_confirmed,point_or_reported_centroid_in_polygon,modeled,not_assessed_thresholds_pending,-3429973.11615,-0,1.000000000000000000000000000,-3207258.395804245999999999998,-2E-21,allocated,-0E-21
UGA,2021,co2e_100yr,forestry-and-land-use,removals,subsector,emissions,synthetic_government_emissions_not_ndc_target,830687.80897684,synthetic,reference_2021,5b103a8a1ea23e424ba95c3dc0a0ae3d60919ad39e2a31e5cb755d49bc981de3,provisional_not_team_confirmed,point_or_reported_centroid_in_polygon,modeled,not_assessed_thresholds_pending,859161.27762,0,1.000000000000000000000000000,830687.8089768400000000000001,-1E-22,allocated,0E-22
UGA,2021,co2e_100yr,forestry-and-land-use,removals,subsector,removals,synthetic_government_emissions_not_ndc_target,-59444792.263773085,synthetic,reference_2021,5b103a8a1ea23e424ba95c3dc0a0ae3d60919ad39e2a31e5cb755d49bc981de3,provisional_not_team_confirmed,point_or_reported_centroid_in_polygon,modeled,not_assessed_thresholds_pending,-63674718.99597,-0,1.000000000000000000000000000,-59444792.26377308500000000001,1E-20,allocated,-0E-20
UGA,2021,co2e_100yr,forestry-and-land-use,shrubgrass-fires,subsector,emissions,synthetic_government_emissions_not_ndc_target,33124846.98812262263,synthetic,reference_2021,5b103a8a1ea23e424ba95c3dc0a0ae3d60919ad39e2a31e5cb755d49bc981de3,provisional_not_team_confirmed,point_or_reported_centroid_in_polygon,modeled,not_assessed_thresholds_pending,35070586.36262,0,1.000000000000000000000000000,33124846.98812262262999999999,1E-20,allocated,0E-20
UGA,2021,co2e_100yr,forestry-and-land-use,wetland-fires,subsector,emissions,synthetic_government_emissions_not_ndc_target,442697.32202489912,synthetic,reference_2021,5b103a8a1ea23e424ba95c3dc0a0ae3d60919ad39e2a31e5cb755d49bc981de3,provisional_not_team_confirmed,point_or_reported_centroid_in_polygon,modeled,not_assessed_thresholds_pending,457986.78880,0,0.9999999999999999999999999997,442697.3220248991200000000000,0E-22,allocated,0E-22
UGA,2021,co2e_100yr,manufacturing,cement,subsector,emissions,synthetic_government_emissions_not_ndc_target,982259.4158,synthetic,reference_2021,5b103a8a1ea23e424ba95c3dc0a0ae3d60919ad39e2a31e5cb755d49bc981de3,provisional_not_team_confirmed,point_or_reported_centroid_in_polygon,modeled,not_assessed_thresholds_pending,981209.9359,0,1.000000000000000000000000000,982259.4158000000000000000001,-1E-22,allocated,0E-22
UGA,2021,co2e_100yr,manufacturing,food-beverage-tobacco,subsector,emissions,synthetic_government_emissions_not_ndc_target,67365.660758,synthetic,reference_2021,5b103a8a1ea23e424ba95c3dc0a0ae3d60919ad39e2a31e5cb755d49bc981de3,provisional_not_team_confirmed,point_or_reported_centroid_in_polygon,modeled,not_assessed_thresholds_pending,34056.8169,0,1,67365.660758,0.000000,allocated,0.000000
UGA,2021,co2e_100yr,manufacturing,iron-and-steel,subsector,emissions,synthetic_government_emissions_not_ndc_target,0,synthetic,reference_2021,5b103a8a1ea23e424ba95c3dc0a0ae3d60919ad39e2a31e5cb755d49bc981de3,provisional_not_team_confirmed,point_or_reported_centroid_in_polygon,modeled,not_assessed_thresholds_pending,0,0,0,0,0,unallocated_no_reference_weight,0
UGA,2021,co2e_100yr,manufacturing,pulp-and-paper,subsector,emissions,synthetic_government_emissions_not_ndc_target,18938.044926,synthetic,reference_2021,5b103a8a1ea23e424ba95c3dc0a0ae3d60919ad39e2a31e5cb755d49bc981de3,provisional_not_team_confirmed,point_or_reported_centroid_in_polygon,modeled,not_assessed_thresholds_pending,10512,0,1,18938.044926,0.000000,allocated,0.000000
UGA,2021,co2e_100yr,power,electricity-generation,subsector,emissions,synthetic_government_emissions_not_ndc_target,82122.0169357,synthetic,reference_2021,5b103a8a1ea23e424ba95c3dc0a0ae3d60919ad39e2a31e5cb755d49bc981de3,provisional_not_team_confirmed,point_or_reported_centroid_in_polygon,modeled,not_assessed_thresholds_pending,87386.42,0,1.000000000000000000000000000,82122.01693570000000000000000,0E-23,allocated,0E-23
UGA,2021,co2e_100yr,transportation,domestic-aviation,subsector,emissions,synthetic_government_emissions_not_ndc_target,2110.44900313,synthetic,reference_2021,5b103a8a1ea23e424ba95c3dc0a0ae3d60919ad39e2a31e5cb755d49bc981de3,provisional_not_team_confirmed,point_or_reported_centroid_in_polygon,modeled,not_assessed_thresholds_pending,2556.11691879,0,1.000000000000000000000000000,2110.449003130000000000000000,0E-24,allocated,0E-24
UGA,2021,co2e_100yr,transportation,international-aviation,subsector,emissions,synthetic_government_emissions_not_ndc_target,200312.9362,synthetic,reference_2021,5b103a8a1ea23e424ba95c3dc0a0ae3d60919ad39e2a31e5cb755d49bc981de3,provisional_not_team_confirmed,point_or_reported_centroid_in_polygon,modeled,not_assessed_thresholds_pending,195343.4363,0,1,200312.9362,0.0000,allocated,0.0000
UGA,2021,co2e_100yr,transportation,road-transportation,subsector,emissions,synthetic_government_emissions_not_ndc_target,8053173.01647856,synthetic,reference_2021,5b103a8a1ea23e424ba95c3dc0a0ae3d60919ad39e2a31e5cb755d49bc981de3,provisional_not_team_confirmed,point_or_reported_centroid_in_polygon,modeled,not_assessed_thresholds_pending,7634760.09615150,0,1.000000000000000000000000001,8053173.016478560000000000000,0E-21,allocated,0E-21
UGA,2021,co2e_100yr,waste,domestic-wastewater-treatment-and-discharge,subsector,emissions,synthetic_government_emissions_not_ndc_target,3056345.297953341,synthetic,reference_2021,5b103a8a1ea23e424ba95c3dc0a0ae3d60919ad39e2a31e5cb755d49bc981de3,provisional_not_team_confirmed,point_or_reported_centroid_in_polygon,modeled,not_assessed_thresholds_pending,2847487.206639448,0,0.9999999999999999999999999996,3056345.297953341000000000001,-1E-21,allocated,0E-21
UGA,2021,co2e_100yr,waste,industrial-wastewater-treatment-and-discharge,subsector,emissions,synthetic_government_emissions_not_ndc_target,714.3279967,synthetic,reference_2021,5b103a8a1ea23e424ba95c3dc0a0ae3d60919ad39e2a31e5cb755d49bc981de3,provisional_not_team_confirmed,point_or_reported_centroid_in_polygon,modeled,not_assessed_thresholds_pending,733.779648,0,1,714.3279967,0E-7,allocated,0E-7
UGA,2021,co2e_100yr,waste,solid-waste-disposal,subsector,emissions,synthetic_government_emissions_not_ndc_target,25848.1618108,synthetic,reference_2021,5b103a8a1ea23e424ba95c3dc0a0ae3d60919ad39e2a31e5cb755d49bc981de3,provisional_not_team_confirmed,point_or_reported_centroid_in_polygon,modeled,not_assessed_thresholds_pending,15181.340613,0,1.000000000000000000000000000,25848.16181080000000000000000,0E-23,allocated,0E-23
UGA,2022,co2e_100yr,agriculture,crop-residues,subsector,emissions,synthetic_government_emissions_not_ndc_target,77723.904632307955,synthetic,synthetic,5b103a8a1ea23e424ba95c3dc0a0ae3d60919ad39e2a31e5cb755d49bc981de3,provisional_not_team_confirmed,point_or_reported_centroid_in_polygon,modeled,not_assessed_thresholds_pending,72988.335966353862,0,1.000000000000000000000000000,77723.90463230795500000000001,-1E-23,allocated,0E-23
UGA,2022,co2e_100yr,agriculture,cropland-fires,subsector,emissions,synthetic_government_emissions_not_ndc_target,271376.012698542055,synthetic,synthetic,5b103a8a1ea23e424ba95c3dc0a0ae3d60919ad39e2a31e5cb755d49bc981de3,provisional_not_team_confirmed,point_or_reported_centroid_in_polygon,modeled,not_assessed_thresholds_pending,253495.272383100712,0,0.9999999999999999999999999998,271376.0126985420549999999999,1E-22,allocated,0E-22
UGA,2022,co2e_100yr,agriculture,enteric-fermentation-cattle-pasture,subsector,emissions,synthetic_government_emissions_not_ndc_target,12233336.88340954885,synthetic,synthetic,5b103a8a1ea23e424ba95c3dc0a0ae3d60919ad39e2a31e5cb755d49bc981de3,provisional_not_team_confirmed,point_or_reported_centroid_in_polygon,modeled,not_assessed_thresholds_pending,11414738.07589593306,0,1.000000000000000000000000000,12233336.88340954885000000001,-1E-20,allocated,0E-20
UGA,2022,co2e_100yr,agriculture,manure-applied-to-soils,subsector,emissions,synthetic_government_emissions_not_ndc_target,420174.5426872574751,synthetic,synthetic,5b103a8a1ea23e424ba95c3dc0a0ae3d60919ad39e2a31e5cb755d49bc981de3,provisional_not_team_confirmed,point_or_reported_centroid_in_polygon,modeled,not_assessed_thresholds_pending,395369.031747764918,0,1.000000000000000000000000000,420174.5426872574750999999998,2E-22,allocated,0E-22
UGA,2022,co2e_100yr,agriculture,manure-left-on-pasture-cattle,subsector,emissions,synthetic_government_emissions_not_ndc_target,3473685.469269769194,synthetic,synthetic,5b103a8a1ea23e424ba95c3dc0a0ae3d60919ad39e2a31e5cb755d49bc981de3,provisional_not_team_confirmed,point_or_reported_centroid_in_polygon,modeled,not_assessed_thresholds_pending,3274667.992988139712,0,1.000000000000000000000000000,3473685.469269769194000000001,-1E-21,allocated,0E-21
UGA,2022,co2e_100yr,agriculture,rice-cultivation,subsector,emissions,synthetic_government_emissions_not_ndc_target,170954.1016246753,synthetic,synthetic,5b103a8a1ea23e424ba95c3dc0a0ae3d60919ad39e2a31e5cb755d49bc981de3,provisional_not_team_confirmed,point_or_reported_centroid_in_polygon,modeled,not_assessed_thresholds_pending,155293.0800546564,0,1.000000000000000000000000000,170954.1016246752999999999998,2E-22,allocated,0E-22
UGA,2022,co2e_100yr,agriculture,synthetic-fertilizer-application,subsector,emissions,synthetic_government_emissions_not_ndc_target,48512.054674906054,synthetic,synthetic,5b103a8a1ea23e424ba95c3dc0a0ae3d60919ad39e2a31e5cb755d49bc981de3,provisional_not_team_confirmed,point_or_reported_centroid_in_polygon,modeled,not_assessed_thresholds_pending,45444.347555791768,0,0.9999999999999999999999999998,48512.05467490605400000000001,-1E-23,allocated,0E-23
UGA,2022,co2e_100yr,buildings,non-residential-onsite-fuel-usage,subsector,emissions,synthetic_government_emissions_not_ndc_target,298858.5912673123909,synthetic,synthetic,5b103a8a1ea23e424ba95c3dc0a0ae3d60919ad39e2a31e5cb755d49bc981de3,provisional_not_team_confirmed,point_or_reported_centroid_in_polygon,modeled,not_assessed_thresholds_pending,280953.8429655539996,0,1.000000000000000000000000001,298858.5912673123909000000001,-1E-22,allocated,0E-22
UGA,2022,co2e_100yr,buildings,residential-onsite-fuel-usage,subsector,emissions,synthetic_government_emissions_not_ndc_target,5300693.592873141,synthetic,synthetic,5b103a8a1ea23e424ba95c3dc0a0ae3d60919ad39e2a31e5cb755d49bc981de3,provisional_not_team_confirmed,point_or_reported_centroid_in_polygon,modeled,not_assessed_thresholds_pending,4991704.953511449,0,1.000000000000000000000000000,5300693.592873140999999999994,6E-21,allocated,0E-21
UGA,2022,co2e_100yr,forestry-and-land-use,forest-land-clearing,subsector,emissions,synthetic_government_emissions_not_ndc_target,4172900.927198710202,synthetic,synthetic,5b103a8a1ea23e424ba95c3dc0a0ae3d60919ad39e2a31e5cb755d49bc981de3,provisional_not_team_confirmed,point_or_reported_centroid_in_polygon,modeled,not_assessed_thresholds_pending,4355474.449039682123,0,1.000000000000000000000000000,4172900.927198710202000000000,0E-21,allocated,0E-21
UGA,2022,co2e_100yr,forestry-and-land-use,forest-land-degradation,subsector,emissions,synthetic_government_emissions_not_ndc_target,180076.554722340133,synthetic,synthetic,5b103a8a1ea23e424ba95c3dc0a0ae3d60919ad39e2a31e5cb755d49bc981de3,provisional_not_team_confirmed,point_or_reported_centroid_in_polygon,modeled,not_assessed_thresholds_pending,186357.113054881462,0,1.000000000000000000000000000,180076.5547223401330000000001,-1E-22,allocated,0E-22
UGA,2022,co2e_100yr,forestry-and-land-use,forest-land-fires,subsector,emissions,synthetic_government_emissions_not_ndc_target,9832353.750173405205,synthetic,synthetic,5b103a8a1ea23e424ba95c3dc0a0ae3d60919ad39e2a31e5cb755d49bc981de3,provisional_not_team_confirmed,point_or_reported_centroid_in_polygon,modeled,not_assessed_thresholds_pending,10719313.17376291375,0,0.9999999999999999999999999999,9832353.750173405205000000002,-2E-21,allocated,0E-21
UGA,2022,co2e_100yr,forestry-and-land-use,net-forest-land,subsector,emissions,synthetic_government_emissions_not_ndc_target,5190610.9899397719,synthetic,synthetic,5b103a8a1ea23e424ba95c3dc0a0ae3d60919ad39e2a31e5cb755d49bc981de3,provisional_not_team_confirmed,point_or_reported_centroid_in_polygon,modeled,not_assessed_thresholds_pending,5539117.2165037321,0,0.9999999999999999999999999995,5190610.989939771900000000003,-3E-21,allocated,0E-21
UGA,2022,co2e_100yr,forestry-and-land-use,net-forest-land,subsector,removals,synthetic_government_emissions_not_ndc_target,-3094117.0206767231,synthetic,synthetic,5b103a8a1ea23e424ba95c3dc0a0ae3d60919ad39e2a31e5cb755d49bc981de3,provisional_not_team_confirmed,point_or_reported_centroid_in_polygon,modeled,not_assessed_thresholds_pending,-3334492.6913436452,-0,1.000000000000000000000000000,-3094117.020676723100000000000,-0E-21,allocated,-0E-21
UGA,2022,co2e_100yr,forestry-and-land-use,net-shrubgrass,subsector,emissions,synthetic_government_emissions_not_ndc_target,334606.40539411109,synthetic,synthetic,5b103a8a1ea23e424ba95c3dc0a0ae3d60919ad39e2a31e5cb755d49bc981de3,provisional_not_team_confirmed,point_or_reported_centroid_in_polygon,modeled,not_assessed_thresholds_pending,337095.56206051972,0,1.000000000000000000000000000,334606.4053941110900000000000,0E-22,allocated,0E-22
UGA,2022,co2e_100yr,forestry-and-land-use,net-shrubgrass,subsector,removals,synthetic_government_emissions_not_ndc_target,-10303310.5185025663,synthetic,synthetic,5b103a8a1ea23e424ba95c3dc0a0ae3d60919ad39e2a31e5cb755d49bc981de3,provisional_not_team_confirmed,point_or_reported_centroid_in_polygon,modeled,not_assessed_thresholds_pending,-10680037.3768974876,-0,1.000000000000000000000000000,-10303310.51850256630000000000,-0E-20,allocated,-0E-20
UGA,2022,co2e_100yr,forestry-and-land-use,net-soil-organic-carbon,subsector,emissions,synthetic_government_emissions_not_ndc_target,5321473.87080930736,synthetic,synthetic,5b103a8a1ea23e424ba95c3dc0a0ae3d60919ad39e2a31e5cb755d49bc981de3,provisional_not_team_confirmed,point_or_reported_centroid_in_polygon,modeled,not_assessed_thresholds_pending,5682164.98469940987,0,0.9999999999999999999999999993,5321473.870809307360000000002,-2E-21,allocated,0E-21
UGA,2022,co2e_100yr,forestry-and-land-use,net-wetland,subsector,emissions,synthetic_government_emissions_not_ndc_target,155154.761436257264,synthetic,synthetic,5b103a8a1ea23e424ba95c3dc0a0ae3d60919ad39e2a31e5cb755d49bc981de3,provisional_not_team_confirmed,point_or_reported_centroid_in_polygon,modeled,not_assessed_thresholds_pending,169887.162876021555,0,0.9999999999999999999999999998,155154.7614362572639999999999,1E-22,allocated,0E-22
UGA,2022,co2e_100yr,forestry-and-land-use,net-wetland,subsector,removals,synthetic_government_emissions_not_ndc_target,-3109673.23909617227,synthetic,synthetic,5b103a8a1ea23e424ba95c3dc0a0ae3d60919ad39e2a31e5cb755d49bc981de3,provisional_not_team_confirmed,point_or_reported_centroid_in_polygon,modeled,not_assessed_thresholds_pending,-3340936.32831151173,-0,1.000000000000000000000000000,-3109673.239096172270000000002,2E-21,allocated,-0E-21
UGA,2022,co2e_100yr,forestry-and-land-use,removals,subsector,emissions,synthetic_government_emissions_not_ndc_target,801202.1450598792,synthetic,synthetic,5b103a8a1ea23e424ba95c3dc0a0ae3d60919ad39e2a31e5cb755d49bc981de3,provisional_not_team_confirmed,point_or_reported_centroid_in_polygon,modeled,not_assessed_thresholds_pending,830886.6813983495,0,0.9999999999999999999999999999,801202.1450598792000000000002,-2E-22,allocated,0E-22
UGA,2022,co2e_100yr,forestry-and-land-use,removals,subsector,removals,synthetic_government_emissions_not_ndc_target,-57712455.13572388013,synthetic,synthetic,5b103a8a1ea23e424ba95c3dc0a0ae3d60919ad39e2a31e5cb755d49bc981de3,provisional_not_team_confirmed,point_or_reported_centroid_in_polygon,modeled,not_assessed_thresholds_pending,-62004394.50571487501,-0,0.9999999999999999999999999999,-57712455.13572388012999999999,-1E-20,allocated,-0E-20
UGA,2022,co2e_100yr,forestry-and-land-use,shrubgrass-fires,subsector,emissions,synthetic_government_emissions_not_ndc_target,32150316.6370304984008,synthetic,synthetic,5b103a8a1ea23e424ba95c3dc0a0ae3d60919ad39e2a31e5cb755d49bc981de3,provisional_not_team_confirmed,point_or_reported_centroid_in_polygon,modeled,not_assessed_thresholds_pending,34155543.5359332129065,0,1.000000000000000000000000000,32150316.63703049840080000003,-3E-20,allocated,0E-20
UGA,2022,co2e_100yr,forestry-and-land-use,wetland-fires,subsector,emissions,synthetic_government_emissions_not_ndc_target,432187.0882272910649,synthetic,synthetic,5b103a8a1ea23e424ba95c3dc0a0ae3d60919ad39e2a31e5cb755d49bc981de3,provisional_not_team_confirmed,point_or_reported_centroid_in_polygon,modeled,not_assessed_thresholds_pending,447453.1156029956209,0,0.9999999999999999999999999997,432187.0882272910648999999996,4E-22,allocated,0E-22
UGA,2022,co2e_100yr,manufacturing,cement,subsector,emissions,synthetic_government_emissions_not_ndc_target,1002273.280924,synthetic,synthetic,5b103a8a1ea23e424ba95c3dc0a0ae3d60919ad39e2a31e5cb755d49bc981de3,provisional_not_team_confirmed,point_or_reported_centroid_in_polygon,modeled,not_assessed_thresholds_pending,996383.368307,0,0.9999999999999999999999999999,1002273.280924000000000000000,0E-21,allocated,0E-21
UGA,2022,co2e_100yr,manufacturing,food-beverage-tobacco,subsector,emissions,synthetic_government_emissions_not_ndc_target,68076.73044236,synthetic,synthetic,5b103a8a1ea23e424ba95c3dc0a0ae3d60919ad39e2a31e5cb755d49bc981de3,provisional_not_team_confirmed,point_or_reported_centroid_in_polygon,modeled,not_assessed_thresholds_pending,35069.1137741,0,1,68076.73044236,0E-8,allocated,0E-8
UGA,2022,co2e_100yr,manufacturing,iron-and-steel,subsector,emissions,synthetic_government_emissions_not_ndc_target,0,synthetic,synthetic,5b103a8a1ea23e424ba95c3dc0a0ae3d60919ad39e2a31e5cb755d49bc981de3,provisional_not_team_confirmed,point_or_reported_centroid_in_polygon,modeled,not_assessed_thresholds_pending,0,0,0,0,0,unallocated_no_reference_weight,0
UGA,2022,co2e_100yr,manufacturing,pulp-and-paper,subsector,emissions,synthetic_government_emissions_not_ndc_target,19368.13689042,synthetic,synthetic,5b103a8a1ea23e424ba95c3dc0a0ae3d60919ad39e2a31e5cb755d49bc981de3,provisional_not_team_confirmed,point_or_reported_centroid_in_polygon,modeled,not_assessed_thresholds_pending,10952.8375709,0,1,19368.13689042,0E-8,allocated,0E-8
UGA,2022,co2e_100yr,power,electricity-generation,subsector,emissions,synthetic_government_emissions_not_ndc_target,86278.37573319,synthetic,synthetic,5b103a8a1ea23e424ba95c3dc0a0ae3d60919ad39e2a31e5cb755d49bc981de3,provisional_not_team_confirmed,point_or_reported_centroid_in_polygon,modeled,not_assessed_thresholds_pending,90341.52062407,0,0.9999999999999999999999999999,86278.37573319000000000000000,0E-23,allocated,0E-23
UGA,2022,co2e_100yr,transportation,domestic-aviation,subsector,emissions,synthetic_government_emissions_not_ndc_target,2110.0083431210,synthetic,synthetic,5b103a8a1ea23e424ba95c3dc0a0ae3d60919ad39e2a31e5cb755d49bc981de3,provisional_not_team_confirmed,point_or_reported_centroid_in_polygon,modeled,not_assessed_thresholds_pending,2576.5924365582,0,1.000000000000000000000000000,2110.008343121000000000000000,0E-24,allocated,0E-24
UGA,2022,co2e_100yr,transportation,international-aviation,subsector,emissions,synthetic_government_emissions_not_ndc_target,196225.197564,synthetic,synthetic,5b103a8a1ea23e424ba95c3dc0a0ae3d60919ad39e2a31e5cb755d49bc981de3,provisional_not_team_confirmed,point_or_reported_centroid_in_polygon,modeled,not_assessed_thresholds_pending,196521.835234,0,1,196225.197564,0.000000,allocated,0.000000
UGA,2022,co2e_100yr,transportation,road-transportation,subsector,emissions,synthetic_government_emissions_not_ndc_target,8159345.6917848539,synthetic,synthetic,5b103a8a1ea23e424ba95c3dc0a0ae3d60919ad39e2a31e5cb755d49bc981de3,provisional_not_team_confirmed,point_or_reported_centroid_in_polygon,modeled,not_assessed_thresholds_pending,7757729.1232573397,0,1.000000000000000000000000000,8159345.691784853899999999997,3E-21,allocated,0E-21
UGA,2022,co2e_100yr,waste,domestic-wastewater-treatment-and-discharge,subsector,emissions,synthetic_government_emissions_not_ndc_target,3089962.43766178186,synthetic,synthetic,5b103a8a1ea23e424ba95c3dc0a0ae3d60919ad39e2a31e5cb755d49bc981de3,provisional_not_team_confirmed,point_or_reported_centroid_in_polygon,modeled,not_assessed_thresholds_pending,2881196.25981753573,0,1.000000000000000000000000000,3089962.437661781859999999998,2E-21,allocated,0E-21
UGA,2022,co2e_100yr,waste,industrial-wastewater-treatment-and-discharge,subsector,emissions,synthetic_government_emissions_not_ndc_target,741.32655896,synthetic,synthetic,5b103a8a1ea23e424ba95c3dc0a0ae3d60919ad39e2a31e5cb755d49bc981de3,provisional_not_team_confirmed,point_or_reported_centroid_in_polygon,modeled,not_assessed_thresholds_pending,758.817536856,0,1,741.32655896,0E-8,allocated,0E-8
UGA,2022,co2e_100yr,waste,solid-waste-disposal,subsector,emissions,synthetic_government_emissions_not_ndc_target,26061.939786625,synthetic,synthetic,5b103a8a1ea23e424ba95c3dc0a0ae3d60919ad39e2a31e5cb755d49bc981de3,provisional_not_team_confirmed,point_or_reported_centroid_in_polygon,modeled,not_assessed_thresholds_pending,15137.83783049,0,1.000000000000000000000000000,26061.93978662500000000000000,0E-23,allocated,0E-23
UGA,2023,co2e_100yr,agriculture,crop-residues,subsector,emissions,synthetic_government_emissions_not_ndc_target,78621.519462309582,synthetic,synthetic,5b103a8a1ea23e424ba95c3dc0a0ae3d60919ad39e2a31e5cb755d49bc981de3,provisional_not_team_confirmed,point_or_reported_centroid_in_polygon,modeled,not_assessed_thresholds_pending,73937.824766729576,0,0.9999999999999999999999999998,78621.51946230958200000000000,0E-23,allocated,0E-23
UGA,2023,co2e_100yr,agriculture,cropland-fires,subsector,emissions,synthetic_government_emissions_not_ndc_target,273019.792449011795,synthetic,synthetic,5b103a8a1ea23e424ba95c3dc0a0ae3d60919ad39e2a31e5cb755d49bc981de3,provisional_not_team_confirmed,point_or_reported_centroid_in_polygon,modeled,not_assessed_thresholds_pending,256035.044916260202,0,0.9999999999999999999999999998,273019.7924490117949999999998,2E-22,allocated,0E-22
UGA,2023,co2e_100yr,agriculture,enteric-fermentation-cattle-pasture,subsector,emissions,synthetic_government_emissions_not_ndc_target,12399368.66036869426,synthetic,synthetic,5b103a8a1ea23e424ba95c3dc0a0ae3d60919ad39e2a31e5cb755d49bc981de3,provisional_not_team_confirmed,point_or_reported_centroid_in_polygon,modeled,not_assessed_thresholds_pending,11582328.17836107436,0,1.000000000000000000000000001,12399368.66036869426000000003,-3E-20,allocated,0E-20
UGA,2023,co2e_100yr,agriculture,manure-applied-to-soils,subsector,emissions,synthetic_government_emissions_not_ndc_target,424996.9152940329605,synthetic,synthetic,5b103a8a1ea23e424ba95c3dc0a0ae3d60919ad39e2a31e5cb755d49bc981de3,provisional_not_team_confirmed,point_or_reported_centroid_in_polygon,modeled,not_assessed_thresholds_pending,400672.6429135196638,0,1.000000000000000000000000000,424996.9152940329604999999999,1E-22,allocated,0E-22
UGA,2023,co2e_100yr,agriculture,manure-left-on-pasture-cattle,subsector,emissions,synthetic_government_emissions_not_ndc_target,3515704.533433508644,synthetic,synthetic,5b103a8a1ea23e424ba95c3dc0a0ae3d60919ad39e2a31e5cb755d49bc981de3,provisional_not_team_confirmed,point_or_reported_centroid_in_polygon,modeled,not_assessed_thresholds_pending,3322746.358149513242,0,0.9999999999999999999999999997,3515704.533433508644000000001,-1E-21,allocated,0E-21
UGA,2023,co2e_100yr,agriculture,rice-cultivation,subsector,emissions,synthetic_government_emissions_not_ndc_target,174389.4696998978,synthetic,synthetic,5b103a8a1ea23e424ba95c3dc0a0ae3d60919ad39e2a31e5cb755d49bc981de3,provisional_not_team_confirmed,point_or_reported_centroid_in_polygon,modeled,not_assessed_thresholds_pending,158024.8425232238,0,0.9999999999999999999999999999,174389.4696998977999999999999,1E-22,allocated,0E-22
UGA,2023,co2e_100yr,agriculture,synthetic-fertilizer-application,subsector,emissions,synthetic_government_emissions_not_ndc_target,49098.132773250080,synthetic,synthetic,5b103a8a1ea23e424ba95c3dc0a0ae3d60919ad39e2a31e5cb755d49bc981de3,provisional_not_team_confirmed,point_or_reported_centroid_in_polygon,modeled,not_assessed_thresholds_pending,46074.632432998480,0,0.9999999999999999999999999999,49098.13277325008000000000000,0E-23,allocated,0E-23
UGA,2023,co2e_100yr,buildings,non-residential-onsite-fuel-usage,subsector,emissions,synthetic_government_emissions_not_ndc_target,305321.5225327053745,synthetic,synthetic,5b103a8a1ea23e424ba95c3dc0a0ae3d60919ad39e2a31e5cb755d49bc981de3,provisional_not_team_confirmed,point_or_reported_centroid_in_polygon,modeled,not_assessed_thresholds_pending,287488.4401285681646,0,1.000000000000000000000000001,305321.5225327053745000000001,-1E-22,allocated,0E-22
UGA,2023,co2e_100yr,buildings,residential-onsite-fuel-usage,subsector,emissions,synthetic_government_emissions_not_ndc_target,5374294.565675034,synthetic,synthetic,5b103a8a1ea23e424ba95c3dc0a0ae3d60919ad39e2a31e5cb755d49bc981de3,provisional_not_team_confirmed,point_or_reported_centroid_in_polygon,modeled,not_assessed_thresholds_pending,5066751.289492349,0,1.000000000000000000000000000,5374294.565675033999999999999,1E-21,allocated,0E-21
UGA,2023,co2e_100yr,forestry-and-land-use,forest-land-clearing,subsector,emissions,synthetic_government_emissions_not_ndc_target,4059656.196262248599,synthetic,synthetic,5b103a8a1ea23e424ba95c3dc0a0ae3d60919ad39e2a31e5cb755d49bc981de3,provisional_not_team_confirmed,point_or_reported_centroid_in_polygon,modeled,not_assessed_thresholds_pending,4234596.206252500045,0,0.9999999999999999999999999998,4059656.196262248599000000004,-4E-21,allocated,0E-21
UGA,2023,co2e_100yr,forestry-and-land-use,forest-land-degradation,subsector,emissions,synthetic_government_emissions_not_ndc_target,172678.668850403046,synthetic,synthetic,5b103a8a1ea23e424ba95c3dc0a0ae3d60919ad39e2a31e5cb755d49bc981de3,provisional_not_team_confirmed,point_or_reported_centroid_in_polygon,modeled,not_assessed_thresholds_pending,179701.334016961693,0,0.9999999999999999999999999999,172678.6688504030459999999998,2E-22,allocated,0E-22
UGA,2023,co2e_100yr,forestry-and-land-use,forest-land-fires,subsector,emissions,synthetic_government_emissions_not_ndc_target,9458024.014306409166,synthetic,synthetic,5b103a8a1ea23e424ba95c3dc0a0ae3d60919ad39e2a31e5cb755d49bc981de3,provisional_not_team_confirmed,point_or_reported_centroid_in_polygon,modeled,not_assessed_thresholds_pending,10381261.45067069509,0,1.000000000000000000000000000,9458024.014306409166000000003,-3E-21,allocated,0E-21
UGA,2023,co2e_100yr,forestry-and-land-use,net-forest-land,subsector,emissions,synthetic_government_emissions_not_ndc_target,5009344.082735364,synthetic,synthetic,5b103a8a1ea23e424ba95c3dc0a0ae3d60919ad39e2a31e5cb755d49bc981de3,provisional_not_team_confirmed,point_or_reported_centroid_in_polygon,modeled,not_assessed_thresholds_pending,5347003.3230413001,0,1.000000000000000000000000000,5009344.082735364000000000001,-1E-21,allocated,0E-21
UGA,2023,co2e_100yr,forestry-and-land-use,net-forest-land,subsector,removals,synthetic_government_emissions_not_ndc_target,-3014683.97203107885,synthetic,synthetic,5b103a8a1ea23e424ba95c3dc0a0ae3d60919ad39e2a31e5cb755d49bc981de3,provisional_not_team_confirmed,point_or_reported_centroid_in_polygon,modeled,not_assessed_thresholds_pending,-3252265.0746583772,-0,0.9999999999999999999999999998,-3014683.972031078849999999999,-1E-21,allocated,-0E-21
UGA,2023,co2e_100yr,forestry-and-land-use,net-shrubgrass,subsector,emissions,synthetic_government_emissions_not_ndc_target,316932.52769912408,synthetic,synthetic,5b103a8a1ea23e424ba95c3dc0a0ae3d60919ad39e2a31e5cb755d49bc981de3,provisional_not_team_confirmed,point_or_reported_centroid_in_polygon,modeled,not_assessed_thresholds_pending,319524.51680399689,0,1.000000000000000000000000000,316932.5276991240800000000000,0E-22,allocated,0E-22
UGA,2023,co2e_100yr,forestry-and-land-use,net-shrubgrass,subsector,removals,synthetic_government_emissions_not_ndc_target,-9993916.7724925314,synthetic,synthetic,5b103a8a1ea23e424ba95c3dc0a0ae3d60919ad39e2a31e5cb755d49bc981de3,provisional_not_team_confirmed,point_or_reported_centroid_in_polygon,modeled,not_assessed_thresholds_pending,-10399188.8052280727,-0,1.000000000000000000000000000,-9993916.772492531399999999997,-3E-21,allocated,-0E-21
UGA,2023,co2e_100yr,forestry-and-land-use,net-soil-organic-carbon,subsector,emissions,synthetic_government_emissions_not_ndc_target,5132212.70144872177,synthetic,synthetic,5b103a8a1ea23e424ba95c3dc0a0ae3d60919ad39e2a31e5cb755d49bc981de3,provisional_not_team_confirmed,point_or_reported_centroid_in_polygon,modeled,not_assessed_thresholds_pending,5492598.18472987908,0,1.000000000000000000000000000,5132212.701448721770000000000,0E-21,allocated,0E-21
UGA,2023,co2e_100yr,forestry-and-land-use,net-wetland,subsector,emissions,synthetic_government_emissions_not_ndc_target,150371.912648989988,synthetic,synthetic,5b103a8a1ea23e424ba95c3dc0a0ae3d60919ad39e2a31e5cb755d49bc981de3,provisional_not_team_confirmed,point_or_reported_centroid_in_polygon,modeled,not_assessed_thresholds_pending,164341.840718967788,0,1.000000000000000000000000000,150371.9126489899880000000000,0E-22,allocated,0E-22
UGA,2023,co2e_100yr,forestry-and-land-use,net-wetland,subsector,removals,synthetic_government_emissions_not_ndc_target,-3018843.01852388165,synthetic,synthetic,5b103a8a1ea23e424ba95c3dc0a0ae3d60919ad39e2a31e5cb755d49bc981de3,provisional_not_team_confirmed,point_or_reported_centroid_in_polygon,modeled,not_assessed_thresholds_pending,-3249427.61801402865,-0,0.9999999999999999999999999999,-3018843.018523881650000000002,2E-21,allocated,-0E-21
UGA,2023,co2e_100yr,forestry-and-land-use,removals,subsector,emissions,synthetic_government_emissions_not_ndc_target,769594.4378029995,synthetic,synthetic,5b103a8a1ea23e424ba95c3dc0a0ae3d60919ad39e2a31e5cb755d49bc981de3,provisional_not_team_confirmed,point_or_reported_centroid_in_polygon,modeled,not_assessed_thresholds_pending,800897.3760145414,0,0.9999999999999999999999999999,769594.4378029995000000000001,-1E-22,allocated,0E-22
UGA,2023,co2e_100yr,forestry-and-land-use,removals,subsector,removals,synthetic_government_emissions_not_ndc_target,-55916351.88164530702,synthetic,synthetic,5b103a8a1ea23e424ba95c3dc0a0ae3d60919ad39e2a31e5cb755d49bc981de3,provisional_not_team_confirmed,point_or_reported_centroid_in_polygon,modeled,not_assessed_thresholds_pending,-60415370.8497525888,-0,1.000000000000000000000000000,-55916351.88164530702000000002,2E-20,allocated,-0E-20
UGA,2023,co2e_100yr,forestry-and-land-use,shrubgrass-fires,subsector,emissions,synthetic_government_emissions_not_ndc_target,31164423.8476683366526,synthetic,synthetic,5b103a8a1ea23e424ba95c3dc0a0ae3d60919ad39e2a31e5cb755d49bc981de3,provisional_not_team_confirmed,point_or_reported_centroid_in_polygon,modeled,not_assessed_thresholds_pending,33315005.6674475629644,0,1.000000000000000000000000000,31164423.84766833665260000000,0E-20,allocated,0E-20
UGA,2023,co2e_100yr,forestry-and-land-use,wetland-fires,subsector,emissions,synthetic_government_emissions_not_ndc_target,419436.8618198746664,synthetic,synthetic,5b103a8a1ea23e424ba95c3dc0a0ae3d60919ad39e2a31e5cb755d49bc981de3,provisional_not_team_confirmed,point_or_reported_centroid_in_polygon,modeled,not_assessed_thresholds_pending,433897.0154258578091,0,0.9999999999999999999999999997,419436.8618198746664000000001,-1E-22,allocated,0E-22
UGA,2023,co2e_100yr,manufacturing,cement,subsector,emissions,synthetic_government_emissions_not_ndc_target,1034335.711229,synthetic,synthetic,5b103a8a1ea23e424ba95c3dc0a0ae3d60919ad39e2a31e5cb755d49bc981de3,provisional_not_team_confirmed,point_or_reported_centroid_in_polygon,modeled,not_assessed_thresholds_pending,1019151.224013,0,1.000000000000000000000000000,1034335.711229000000000000000,0E-21,allocated,0E-21
UGA,2023,co2e_100yr,manufacturing,food-beverage-tobacco,subsector,emissions,synthetic_government_emissions_not_ndc_target,70029.94755426,synthetic,synthetic,5b103a8a1ea23e424ba95c3dc0a0ae3d60919ad39e2a31e5cb755d49bc981de3,provisional_not_team_confirmed,point_or_reported_centroid_in_polygon,modeled,not_assessed_thresholds_pending,36001.2863294,0,1,70029.94755426,0E-8,allocated,0E-8
UGA,2023,co2e_100yr,manufacturing,iron-and-steel,subsector,emissions,synthetic_government_emissions_not_ndc_target,0,synthetic,synthetic,5b103a8a1ea23e424ba95c3dc0a0ae3d60919ad39e2a31e5cb755d49bc981de3,provisional_not_team_confirmed,point_or_reported_centroid_in_polygon,modeled,not_assessed_thresholds_pending,0,0,0,0,0,unallocated_no_reference_weight,0
UGA,2023,co2e_100yr,manufacturing,pulp-and-paper,subsector,emissions,synthetic_government_emissions_not_ndc_target,19987.69899982,synthetic,synthetic,5b103a8a1ea23e424ba95c3dc0a0ae3d60919ad39e2a31e5cb755d49bc981de3,provisional_not_team_confirmed,point_or_reported_centroid_in_polygon,modeled,not_assessed_thresholds_pending,11405.4366048,0,1,19987.69899982,0E-8,allocated,0E-8
UGA,2023,co2e_100yr,power,electricity-generation,subsector,emissions,synthetic_government_emissions_not_ndc_target,88360.58366547,synthetic,synthetic,5b103a8a1ea23e424ba95c3dc0a0ae3d60919ad39e2a31e5cb755d49bc981de3,provisional_not_team_confirmed,point_or_reported_centroid_in_polygon,modeled,not_assessed_thresholds_pending,91270.21538975,0,1.000000000000000000000000000,88360.58366547000000000000001,-1E-23,allocated,0E-23
UGA,2023,co2e_100yr,transportation,domestic-aviation,subsector,emissions,synthetic_government_emissions_not_ndc_target,2154.1510515461,synthetic,synthetic,5b103a8a1ea23e424ba95c3dc0a0ae3d60919ad39e2a31e5cb755d49bc981de3,provisional_not_team_confirmed,point_or_reported_centroid_in_polygon,modeled,not_assessed_thresholds_pending,2661.9493625775,0,1.000000000000000000000000000,2154.151051546100000000000001,-1E-24,allocated,0E-24
UGA,2023,co2e_100yr,transportation,international-aviation,subsector,emissions,synthetic_government_emissions_not_ndc_target,199550.625085,synthetic,synthetic,5b103a8a1ea23e424ba95c3dc0a0ae3d60919ad39e2a31e5cb755d49bc981de3,provisional_not_team_confirmed,point_or_reported_centroid_in_polygon,modeled,not_assessed_thresholds_pending,202436.595573,0,1,199550.625085,0.000000,allocated,0.000000
UGA,2023,co2e_100yr,transportation,road-transportation,subsector,emissions,synthetic_government_emissions_not_ndc_target,8391311.6856516213,synthetic,synthetic,5b103a8a1ea23e424ba95c3dc0a0ae3d60919ad39e2a31e5cb755d49bc981de3,provisional_not_team_confirmed,point_or_reported_centroid_in_polygon,modeled,not_assessed_thresholds_pending,7994317.6061524512,0,0.9999999999999999999999999998,8391311.685651621300000000003,-3E-21,allocated,0E-21
UGA,2023,co2e_100yr,waste,domestic-wastewater-treatment-and-discharge,subsector,emissions,synthetic_government_emissions_not_ndc_target,3139090.47440066783,synthetic,synthetic,5b103a8a1ea23e424ba95c3dc0a0ae3d60919ad39e2a31e5cb755d49bc981de3,provisional_not_team_confirmed,point_or_reported_centroid_in_polygon,modeled,not_assessed_thresholds_pending,2930991.96737129354,0,1.000000000000000000000000000,3139090.474400667830000000000,0E-21,allocated,0E-21
UGA,2023,co2e_100yr,waste,industrial-wastewater-treatment-and-discharge,subsector,emissions,synthetic_government_emissions_not_ndc_target,768.345457755,synthetic,synthetic,5b103a8a1ea23e424ba95c3dc0a0ae3d60919ad39e2a31e5cb755d49bc981de3,provisional_not_team_confirmed,point_or_reported_centroid_in_polygon,modeled,not_assessed_thresholds_pending,785.007751694,0,1,768.345457755,0E-9,allocated,0E-9
UGA,2023,co2e_100yr,waste,solid-waste-disposal,subsector,emissions,synthetic_government_emissions_not_ndc_target,26892.275156708,synthetic,synthetic,5b103a8a1ea23e424ba95c3dc0a0ae3d60919ad39e2a31e5cb755d49bc981de3,provisional_not_team_confirmed,point_or_reported_centroid_in_polygon,modeled,not_assessed_thresholds_pending,15398.09956134,0,1.000000000000000000000000000,26892.27515670800000000000000,0E-23,allocated,0E-23
UGA,2024,co2e_100yr,agriculture,crop-residues,subsector,emissions,synthetic_government_emissions_not_ndc_target,79847.477337439133,synthetic,synthetic,5b103a8a1ea23e424ba95c3dc0a0ae3d60919ad39e2a31e5cb755d49bc981de3,provisional_not_team_confirmed,point_or_reported_centroid_in_polygon,modeled,not_assessed_thresholds_pending,75141.355680895973,0,1.000000000000000000000000000,79847.47733743913300000000004,-4E-23,allocated,0E-23
UGA,2024,co2e_100yr,agriculture,cropland-fires,subsector,emissions,synthetic_government_emissions_not_ndc_target,276322.733847243531,synthetic,synthetic,5b103a8a1ea23e424ba95c3dc0a0ae3d60919ad39e2a31e5cb755d49bc981de3,provisional_not_team_confirmed,point_or_reported_centroid_in_polygon,modeled,not_assessed_thresholds_pending,260223.29992455552,0,0.9999999999999999999999999998,276322.7338472435310000000003,-3E-22,allocated,0E-22
UGA,2024,co2e_100yr,agriculture,enteric-fermentation-cattle-pasture,subsector,emissions,synthetic_government_emissions_not_ndc_target,12571835.78500807991,synthetic,synthetic,5b103a8a1ea23e424ba95c3dc0a0ae3d60919ad39e2a31e5cb755d49bc981de3,provisional_not_team_confirmed,point_or_reported_centroid_in_polygon,modeled,not_assessed_thresholds_pending,11749977.72429827502,0,1.000000000000000000000000000,12571835.78500807991000000000,0E-20,allocated,0E-20
UGA,2024,co2e_100yr,agriculture,manure-applied-to-soils,subsector,emissions,synthetic_government_emissions_not_ndc_target,431875.5104438410384,synthetic,synthetic,5b103a8a1ea23e424ba95c3dc0a0ae3d60919ad39e2a31e5cb755d49bc981de3,provisional_not_team_confirmed,point_or_reported_centroid_in_polygon,modeled,not_assessed_thresholds_pending,407461.8764033380167,0,0.9999999999999999999999999998,431875.5104438410384000000002,-2E-22,allocated,0E-22
UGA,2024,co2e_100yr,agriculture,manure-left-on-pasture-cattle,subsector,emissions,synthetic_government_emissions_not_ndc_target,3560551.337486987838,synthetic,synthetic,5b103a8a1ea23e424ba95c3dc0a0ae3d60919ad39e2a31e5cb755d49bc981de3,provisional_not_team_confirmed,point_or_reported_centroid_in_polygon,modeled,not_assessed_thresholds_pending,3370841.776371469885,0,1.000000000000000000000000000,3560551.337486987838000000001,-1E-21,allocated,0E-21
UGA,2024,co2e_100yr,agriculture,rice-cultivation,subsector,emissions,synthetic_government_emissions_not_ndc_target,179149.1567663065,synthetic,synthetic,5b103a8a1ea23e424ba95c3dc0a0ae3d60919ad39e2a31e5cb755d49bc981de3,provisional_not_team_confirmed,point_or_reported_centroid_in_polygon,modeled,not_assessed_thresholds_pending,162488.9403057460,0,1.000000000000000000000000000,179149.1567663065000000000001,-1E-22,allocated,0E-22
UGA,2024,co2e_100yr,agriculture,synthetic-fertilizer-application,subsector,emissions,synthetic_government_emissions_not_ndc_target,49923.158894282738,synthetic,synthetic,5b103a8a1ea23e424ba95c3dc0a0ae3d60919ad39e2a31e5cb755d49bc981de3,provisional_not_team_confirmed,point_or_reported_centroid_in_polygon,modeled,not_assessed_thresholds_pending,46879.236527380900,0,1.000000000000000000000000000,49923.15889428273800000000000,0E-23,allocated,0E-23
UGA,2024,co2e_100yr,buildings,non-residential-onsite-fuel-usage,subsector,emissions,synthetic_government_emissions_not_ndc_target,311174.651347342696,synthetic,synthetic,5b103a8a1ea23e424ba95c3dc0a0ae3d60919ad39e2a31e5cb755d49bc981de3,provisional_not_team_confirmed,point_or_reported_centroid_in_polygon,modeled,not_assessed_thresholds_pending,293701.6127259070958,0,0.9999999999999999999999999996,311174.6513473426959999999998,2E-22,allocated,0E-22
UGA,2024,co2e_100yr,buildings,residential-onsite-fuel-usage,subsector,emissions,synthetic_government_emissions_not_ndc_target,5487829.226985612,synthetic,synthetic,5b103a8a1ea23e424ba95c3dc0a0ae3d60919ad39e2a31e5cb755d49bc981de3,provisional_not_team_confirmed,point_or_reported_centroid_in_polygon,modeled,not_assessed_thresholds_pending,5178820.265429219,0,1.000000000000000000000000000,5487829.226985611999999999999,1E-21,allocated,0E-21
UGA,2024,co2e_100yr,forestry-and-land-use,forest-land-clearing,subsector,emissions,synthetic_government_emissions_not_ndc_target,4091856.553803449191,synthetic,synthetic,5b103a8a1ea23e424ba95c3dc0a0ae3d60919ad39e2a31e5cb755d49bc981de3,provisional_not_team_confirmed,point_or_reported_centroid_in_polygon,modeled,not_assessed_thresholds_pending,4250650.120854479653,0,1.000000000000000000000000000,4091856.553803449191000000005,-5E-21,allocated,0E-21
UGA,2024,co2e_100yr,forestry-and-land-use,forest-land-degradation,subsector,emissions,synthetic_government_emissions_not_ndc_target,170776.991900857500,synthetic,synthetic,5b103a8a1ea23e424ba95c3dc0a0ae3d60919ad39e2a31e5cb755d49bc981de3,provisional_not_team_confirmed,point_or_reported_centroid_in_polygon,modeled,not_assessed_thresholds_pending,179011.978200231476,0,0.9999999999999999999999999999,170776.9919008575000000000001,-1E-22,allocated,0E-22
UGA,2024,co2e_100yr,forestry-and-land-use,forest-land-fires,subsector,emissions,synthetic_government_emissions_not_ndc_target,9441398.428771281305,synthetic,synthetic,5b103a8a1ea23e424ba95c3dc0a0ae3d60919ad39e2a31e5cb755d49bc981de3,provisional_not_team_confirmed,point_or_reported_centroid_in_polygon,modeled,not_assessed_thresholds_pending,10385241.764852183464,0,1.000000000000000000000000000,9441398.428771281304999999996,4E-21,allocated,0E-21
UGA,2024,co2e_100yr,forestry-and-land-use,net-forest-land,subsector,emissions,synthetic_government_emissions_not_ndc_target,4993911.3163857576,synthetic,synthetic,5b103a8a1ea23e424ba95c3dc0a0ae3d60919ad39e2a31e5cb755d49bc981de3,provisional_not_team_confirmed,point_or_reported_centroid_in_polygon,modeled,not_assessed_thresholds_pending,5318593.2967888336,0,1.000000000000000000000000000,4993911.316385757600000000000,0E-21,allocated,0E-21
UGA,2024,co2e_100yr,forestry-and-land-use,net-forest-land,subsector,removals,synthetic_government_emissions_not_ndc_target,-3028388.02702425028,synthetic,synthetic,5b103a8a1ea23e424ba95c3dc0a0ae3d60919ad39e2a31e5cb755d49bc981de3,provisional_not_team_confirmed,point_or_reported_centroid_in_polygon,modeled,not_assessed_thresholds_pending,-3264748.8516719830,-0,1.000000000000000000000000000,-3028388.027024250280000000002,2E-21,allocated,-0E-21
UGA,2024,co2e_100yr,forestry-and-land-use,net-shrubgrass,subsector,emissions,synthetic_government_emissions_not_ndc_target,314415.05999648227,synthetic,synthetic,5b103a8a1ea23e424ba95c3dc0a0ae3d60919ad39e2a31e5cb755d49bc981de3,provisional_not_team_confirmed,point_or_reported_centroid_in_polygon,modeled,not_assessed_thresholds_pending,317290.79510890277,0,0.9999999999999999999999999998,314415.0599964822699999999999,1E-22,allocated,0E-22
UGA,2024,co2e_100yr,forestry-and-land-use,net-shrubgrass,subsector,removals,synthetic_government_emissions_not_ndc_target,-9993317.7406857735,synthetic,synthetic,5b103a8a1ea23e424ba95c3dc0a0ae3d60919ad39e2a31e5cb755d49bc981de3,provisional_not_team_confirmed,point_or_reported_centroid_in_polygon,modeled,not_assessed_thresholds_pending,-10418478.6821529842,-0,1.000000000000000000000000000,-9993317.740685773499999999997,-3E-21,allocated,-0E-21
UGA,2024,co2e_100yr,forestry-and-land-use,net-soil-organic-carbon,subsector,emissions,synthetic_government_emissions_not_ndc_target,5096778.49921200407,synthetic,synthetic,5b103a8a1ea23e424ba95c3dc0a0ae3d60919ad39e2a31e5cb755d49bc981de3,provisional_not_team_confirmed,point_or_reported_centroid_in_polygon,modeled,not_assessed_thresholds_pending,5463533.44368718297,0,1.000000000000000000000000000,5096778.499212004070000000001,-1E-21,allocated,0E-21
UGA,2024,co2e_100yr,forestry-and-land-use,net-wetland,subsector,emissions,synthetic_government_emissions_not_ndc_target,150312.799108336727,synthetic,synthetic,5b103a8a1ea23e424ba95c3dc0a0ae3d60919ad39e2a31e5cb755d49bc981de3,provisional_not_team_confirmed,point_or_reported_centroid_in_polygon,modeled,not_assessed_thresholds_pending,163686.320511283860,0,1.000000000000000000000000000,150312.7991083367270000000000,0E-22,allocated,0E-22
UGA,2024,co2e_100yr,forestry-and-land-use,net-wetland,subsector,removals,synthetic_government_emissions_not_ndc_target,-3002539.81774303463,synthetic,synthetic,5b103a8a1ea23e424ba95c3dc0a0ae3d60919ad39e2a31e5cb755d49bc981de3,provisional_not_team_confirmed,point_or_reported_centroid_in_polygon,modeled,not_assessed_thresholds_pending,-3237096.77155868529,-0,1.000000000000000000000000000,-3002539.817743034630000000000,-0E-21,allocated,-0E-21
UGA,2024,co2e_100yr,forestry-and-land-use,removals,subsector,emissions,synthetic_government_emissions_not_ndc_target,763279.6797028358,synthetic,synthetic,5b103a8a1ea23e424ba95c3dc0a0ae3d60919ad39e2a31e5cb755d49bc981de3,provisional_not_team_confirmed,point_or_reported_centroid_in_polygon,modeled,not_assessed_thresholds_pending,794701.0288420650,0,0.9999999999999999999999999999,763279.6797028357999999999998,2E-22,allocated,0E-22
UGA,2024,co2e_100yr,forestry-and-land-use,removals,subsector,removals,synthetic_government_emissions_not_ndc_target,-55893410.16500311902,synthetic,synthetic,5b103a8a1ea23e424ba95c3dc0a0ae3d60919ad39e2a31e5cb755d49bc981de3,provisional_not_team_confirmed,point_or_reported_centroid_in_polygon,modeled,not_assessed_thresholds_pending,-60572130.1188438708,-0,0.9999999999999999999999999999,-55893410.16500311901999999994,-6E-20,allocated,-0E-20
UGA,2024,co2e_100yr,forestry-and-land-use,shrubgrass-fires,subsector,emissions,synthetic_government_emissions_not_ndc_target,31152516.0937258602541,synthetic,synthetic,5b103a8a1ea23e424ba95c3dc0a0ae3d60919ad39e2a31e5cb755d49bc981de3,provisional_not_team_confirmed,point_or_reported_centroid_in_polygon,modeled,not_assessed_thresholds_pending,33408261.9859760809288,0,0.9999999999999999999999999998,31152516.09372586025410000008,-8E-20,allocated,0E-20
UGA,2024,co2e_100yr,forestry-and-land-use,wetland-fires,subsector,emissions,synthetic_government_emissions_not_ndc_target,419270.1691101917348,synthetic,synthetic,5b103a8a1ea23e424ba95c3dc0a0ae3d60919ad39e2a31e5cb755d49bc981de3,provisional_not_team_confirmed,point_or_reported_centroid_in_polygon,modeled,not_assessed_thresholds_pending,433509.3644823303250,0,1.000000000000000000000000000,419270.1691101917347999999999,1E-22,allocated,0E-22
UGA,2024,co2e_100yr,manufacturing,cement,subsector,emissions,synthetic_government_emissions_not_ndc_target,1079023.127616,synthetic,synthetic,5b103a8a1ea23e424ba95c3dc0a0ae3d60919ad39e2a31e5cb755d49bc981de3,provisional_not_team_confirmed,point_or_reported_centroid_in_polygon,modeled,not_assessed_thresholds_pending,1053015.651588,0,1.000000000000000000000000000,1079023.127616000000000000000,0E-21,allocated,0E-21
UGA,2024,co2e_100yr,manufacturing,food-beverage-tobacco,subsector,emissions,synthetic_government_emissions_not_ndc_target,70570.52007856,synthetic,synthetic,5b103a8a1ea23e424ba95c3dc0a0ae3d60919ad39e2a31e5cb755d49bc981de3,provisional_not_team_confirmed,point_or_reported_centroid_in_polygon,modeled,not_assessed_thresholds_pending,36337.9402423,0,1,70570.52007856,0E-8,allocated,0E-8
UGA,2024,co2e_100yr,manufacturing,iron-and-steel,subsector,emissions,synthetic_government_emissions_not_ndc_target,0,synthetic,synthetic,5b103a8a1ea23e424ba95c3dc0a0ae3d60919ad39e2a31e5cb755d49bc981de3,provisional_not_team_confirmed,point_or_reported_centroid_in_polygon,modeled,not_assessed_thresholds_pending,0,0,0,0,0,unallocated_no_reference_weight,0
UGA,2024,co2e_100yr,manufacturing,pulp-and-paper,subsector,emissions,synthetic_government_emissions_not_ndc_target,20855.30057496,synthetic,synthetic,5b103a8a1ea23e424ba95c3dc0a0ae3d60919ad39e2a31e5cb755d49bc981de3,provisional_not_team_confirmed,point_or_reported_centroid_in_polygon,modeled,not_assessed_thresholds_pending,12026.8085698,0,1,20855.30057496,0E-8,allocated,0E-8
UGA,2024,co2e_100yr,power,electricity-generation,subsector,emissions,synthetic_government_emissions_not_ndc_target,90166.54165522,synthetic,synthetic,5b103a8a1ea23e424ba95c3dc0a0ae3d60919ad39e2a31e5cb755d49bc981de3,provisional_not_team_confirmed,point_or_reported_centroid_in_polygon,modeled,not_assessed_thresholds_pending,92132.62597253,0,1.000000000000000000000000000,90166.54165522000000000000000,0E-23,allocated,0E-23
UGA,2024,co2e_100yr,transportation,domestic-aviation,subsector,emissions,synthetic_government_emissions_not_ndc_target,2126.3961988026,synthetic,synthetic,5b103a8a1ea23e424ba95c3dc0a0ae3d60919ad39e2a31e5cb755d49bc981de3,provisional_not_team_confirmed,point_or_reported_centroid_in_polygon,modeled,not_assessed_thresholds_pending,2664.5873114516,0,1.000000000000000000000000000,2126.396198802600000000000000,0E-24,allocated,0E-24
UGA,2024,co2e_100yr,transportation,international-aviation,subsector,emissions,synthetic_government_emissions_not_ndc_target,193100.812961,synthetic,synthetic,5b103a8a1ea23e424ba95c3dc0a0ae3d60919ad39e2a31e5cb755d49bc981de3,provisional_not_team_confirmed,point_or_reported_centroid_in_polygon,modeled,not_assessed_thresholds_pending,200003.776556,0,1,193100.812961,0.000000,allocated,0.000000
UGA,2024,co2e_100yr,transportation,road-transportation,subsector,emissions,synthetic_government_emissions_not_ndc_target,8447233.3884818791,synthetic,synthetic,5b103a8a1ea23e424ba95c3dc0a0ae3d60919ad39e2a31e5cb755d49bc981de3,provisional_not_team_confirmed,point_or_reported_centroid_in_polygon,modeled,not_assessed_thresholds_pending,8069680.6239622045,0,0.9999999999999999999999999999,8447233.388481879099999999998,2E-21,allocated,0E-21
UGA,2024,co2e_100yr,waste,domestic-wastewater-treatment-and-discharge,subsector,emissions,synthetic_government_emissions_not_ndc_target,3192663.84887545787,synthetic,synthetic,5b103a8a1ea23e424ba95c3dc0a0ae3d60919ad39e2a31e5cb755d49bc981de3,provisional_not_team_confirmed,point_or_reported_centroid_in_polygon,modeled,not_assessed_thresholds_pending,2983909.32221138248,0,1.000000000000000000000000000,3192663.848875457870000000005,-5E-21,allocated,0E-21
UGA,2024,co2e_100yr,waste,industrial-wastewater-treatment-and-discharge,subsector,emissions,synthetic_government_emissions_not_ndc_target,806.180441353,synthetic,synthetic,5b103a8a1ea23e424ba95c3dc0a0ae3d60919ad39e2a31e5cb755d49bc981de3,provisional_not_team_confirmed,point_or_reported_centroid_in_polygon,modeled,not_assessed_thresholds_pending,817.118810262,0,1,806.180441353,0E-9,allocated,0E-9
UGA,2024,co2e_100yr,waste,solid-waste-disposal,subsector,emissions,synthetic_government_emissions_not_ndc_target,27219.037019411,synthetic,synthetic,5b103a8a1ea23e424ba95c3dc0a0ae3d60919ad39e2a31e5cb755d49bc981de3,provisional_not_team_confirmed,point_or_reported_centroid_in_polygon,modeled,not_assessed_thresholds_pending,15310.79842714,0,1.000000000000000000000000000,27219.03701941100000000000000,0E-23,allocated,0E-23
UGA,2025,co2e_100yr,agriculture,crop-residues,subsector,emissions,synthetic_government_emissions_not_ndc_target,80617.982265213283,synthetic,synthetic,5b103a8a1ea23e424ba95c3dc0a0ae3d60919ad39e2a31e5cb755d49bc981de3,provisional_not_team_confirmed,point_or_reported_centroid_in_polygon,modeled,not_assessed_thresholds_pending,75898.774389446837,0,1.000000000000000000000000000,80617.98226521328300000000001,-1E-23,allocated,0E-23
UGA,2025,co2e_100yr,agriculture,cropland-fires,subsector,emissions,synthetic_government_emissions_not_ndc_target,278091.208745812935,synthetic,synthetic,5b103a8a1ea23e424ba95c3dc0a0ae3d60919ad39e2a31e5cb755d49bc981de3,provisional_not_team_confirmed,point_or_reported_centroid_in_polygon,modeled,not_assessed_thresholds_pending,262883.013156214517,0,1.000000000000000000000000000,278091.2087458129350000000002,-2E-22,allocated,0E-22
UGA,2025,co2e_100yr,agriculture,enteric-fermentation-cattle-pasture,subsector,emissions,synthetic_government_emissions_not_ndc_target,12653740.06226493521,synthetic,synthetic,5b103a8a1ea23e424ba95c3dc0a0ae3d60919ad39e2a31e5cb755d49bc981de3,provisional_not_team_confirmed,point_or_reported_centroid_in_polygon,modeled,not_assessed_thresholds_pending,11832092.68014703328,0,1.000000000000000000000000000,12653740.06226493521000000001,-1E-20,allocated,0E-20
UGA,2025,co2e_100yr,agriculture,manure-applied-to-soils,subsector,emissions,synthetic_government_emissions_not_ndc_target,435978.5625623356105,synthetic,synthetic,5b103a8a1ea23e424ba95c3dc0a0ae3d60919ad39e2a31e5cb755d49bc981de3,provisional_not_team_confirmed,point_or_reported_centroid_in_polygon,modeled,not_assessed_thresholds_pending,411903.1546846935196,0,1.000000000000000000000000000,435978.5625623356105000000002,-2E-22,allocated,0E-22
UGA,2025,co2e_100yr,agriculture,manure-left-on-pasture-cattle,subsector,emissions,synthetic_government_emissions_not_ndc_target,3579596.375789862812,synthetic,synthetic,5b103a8a1ea23e424ba95c3dc0a0ae3d60919ad39e2a31e5cb755d49bc981de3,provisional_not_team_confirmed,point_or_reported_centroid_in_polygon,modeled,not_assessed_thresholds_pending,3394398.971749119616,0,1.000000000000000000000000000,3579596.375789862812000000001,-1E-21,allocated,0E-21
UGA,2025,co2e_100yr,agriculture,rice-cultivation,subsector,emissions,synthetic_government_emissions_not_ndc_target,183031.1683351731,synthetic,synthetic,5b103a8a1ea23e424ba95c3dc0a0ae3d60919ad39e2a31e5cb755d49bc981de3,provisional_not_team_confirmed,point_or_reported_centroid_in_polygon,modeled,not_assessed_thresholds_pending,165313.4933268790,0,1.000000000000000000000000000,183031.1683351731000000000000,0E-22,allocated,0E-22
UGA,2025,co2e_100yr,agriculture,synthetic-fertilizer-application,subsector,emissions,synthetic_government_emissions_not_ndc_target,50440.118321795232,synthetic,synthetic,5b103a8a1ea23e424ba95c3dc0a0ae3d60919ad39e2a31e5cb755d49bc981de3,provisional_not_team_confirmed,point_or_reported_centroid_in_polygon,modeled,not_assessed_thresholds_pending,47378.143557765967,0,1.000000000000000000000000000,50440.11832179523199999999996,4E-23,allocated,0E-23
UGA,2025,co2e_100yr,buildings,non-residential-onsite-fuel-usage,subsector,emissions,synthetic_government_emissions_not_ndc_target,314877.4570519616607,synthetic,synthetic,5b103a8a1ea23e424ba95c3dc0a0ae3d60919ad39e2a31e5cb755d49bc981de3,provisional_not_team_confirmed,point_or_reported_centroid_in_polygon,modeled,not_assessed_thresholds_pending,297235.1670388650525,0,1.000000000000000000000000000,314877.4570519616607000000003,-3E-22,allocated,0E-22
UGA,2025,co2e_100yr,buildings,residential-onsite-fuel-usage,subsector,emissions,synthetic_government_emissions_not_ndc_target,5516859.259176482,synthetic,synthetic,5b103a8a1ea23e424ba95c3dc0a0ae3d60919ad39e2a31e5cb755d49bc981de3,provisional_not_team_confirmed,point_or_reported_centroid_in_polygon,modeled,not_assessed_thresholds_pending,5207797.634520612,0,1.000000000000000000000000000,5516859.259176481999999999995,5E-21,allocated,0E-21
UGA,2025,co2e_100yr,forestry-and-land-use,forest-land-clearing,subsector,emissions,synthetic_government_emissions_not_ndc_target,4064009.754828853085,synthetic,synthetic,5b103a8a1ea23e424ba95c3dc0a0ae3d60919ad39e2a31e5cb755d49bc981de3,provisional_not_team_confirmed,point_or_reported_centroid_in_polygon,modeled,not_assessed_thresholds_pending,4212330.108064231969,0,1.000000000000000000000000000,4064009.754828853085000000000,0E-21,allocated,0E-21
UGA,2025,co2e_100yr,forestry-and-land-use,forest-land-degradation,subsector,emissions,synthetic_government_emissions_not_ndc_target,168198.579308766251,synthetic,synthetic,5b103a8a1ea23e424ba95c3dc0a0ae3d60919ad39e2a31e5cb755d49bc981de3,provisional_not_team_confirmed,point_or_reported_centroid_in_polygon,modeled,not_assessed_thresholds_pending,176697.366313688776,0,0.9999999999999999999999999998,168198.5793087662509999999998,2E-22,allocated,0E-22
UGA,2025,co2e_100yr,forestry-and-land-use,forest-land-fires,subsector,emissions,synthetic_government_emissions_not_ndc_target,9303526.248013528497,synthetic,synthetic,5b103a8a1ea23e424ba95c3dc0a0ae3d60919ad39e2a31e5cb755d49bc981de3,provisional_not_team_confirmed,point_or_reported_centroid_in_polygon,modeled,not_assessed_thresholds_pending,10271637.607824286292,0,1.000000000000000000000000000,9303526.248013528497000000003,-3E-21,allocated,0E-21
UGA,2025,co2e_100yr,forestry-and-land-use,net-forest-land,subsector,emissions,synthetic_government_emissions_not_ndc_target,4930873.9516094568,synthetic,synthetic,5b103a8a1ea23e424ba95c3dc0a0ae3d60919ad39e2a31e5cb755d49bc981de3,provisional_not_team_confirmed,point_or_reported_centroid_in_polygon,modeled,not_assessed_thresholds_pending,5249265.280120076,0,0.9999999999999999999999999998,4930873.951609456799999999997,3E-21,allocated,0E-21
UGA,2025,co2e_100yr,forestry-and-land-use,net-forest-land,subsector,removals,synthetic_government_emissions_not_ndc_target,-3024356.48882404079,synthetic,synthetic,5b103a8a1ea23e424ba95c3dc0a0ae3d60919ad39e2a31e5cb755d49bc981de3,provisional_not_team_confirmed,point_or_reported_centroid_in_polygon,modeled,not_assessed_thresholds_pending,-3255915.94940696323,-0,0.9999999999999999999999999998,-3024356.488824040790000000000,-0E-21,allocated,-0E-21
UGA,2025,co2e_100yr,forestry-and-land-use,net-shrubgrass,subsector,emissions,synthetic_government_emissions_not_ndc_target,308760.37661005557,synthetic,synthetic,5b103a8a1ea23e424ba95c3dc0a0ae3d60919ad39e2a31e5cb755d49bc981de3,provisional_not_team_confirmed,point_or_reported_centroid_in_polygon,modeled,not_assessed_thresholds_pending,312355.43672360513,0,1.000000000000000000000000000,308760.3766100555699999999999,1E-22,allocated,0E-22
UGA,2025,co2e_100yr,forestry-and-land-use,net-shrubgrass,subsector,removals,synthetic_government_emissions_not_ndc_target,-9925529.9231771675,synthetic,synthetic,5b103a8a1ea23e424ba95c3dc0a0ae3d60919ad39e2a31e5cb755d49bc981de3,provisional_not_team_confirmed,point_or_reported_centroid_in_polygon,modeled,not_assessed_thresholds_pending,-10346977.283713384,-0,0.9999999999999999999999999995,-9925529.923177167500000000006,6E-21,allocated,-0E-21
UGA,2025,co2e_100yr,forestry-and-land-use,net-soil-organic-carbon,subsector,emissions,synthetic_government_emissions_not_ndc_target,5032344.63650832676,synthetic,synthetic,5b103a8a1ea23e424ba95c3dc0a0ae3d60919ad39e2a31e5cb755d49bc981de3,provisional_not_team_confirmed,point_or_reported_centroid_in_polygon,modeled,not_assessed_thresholds_pending,5401373.83029434879,0,0.9999999999999999999999999993,5032344.636508326760000000000,0E-21,allocated,0E-21
UGA,2025,co2e_100yr,forestry-and-land-use,net-wetland,subsector,emissions,synthetic_government_emissions_not_ndc_target,148378.832642457056,synthetic,synthetic,5b103a8a1ea23e424ba95c3dc0a0ae3d60919ad39e2a31e5cb755d49bc981de3,provisional_not_team_confirmed,point_or_reported_centroid_in_polygon,modeled,not_assessed_thresholds_pending,161297.949136445459,0,1.000000000000000000000000000,148378.8326424570559999999999,1E-22,allocated,0E-22
UGA,2025,co2e_100yr,forestry-and-land-use,net-wetland,subsector,removals,synthetic_government_emissions_not_ndc_target,-2966152.33423027737,synthetic,synthetic,5b103a8a1ea23e424ba95c3dc0a0ae3d60919ad39e2a31e5cb755d49bc981de3,provisional_not_team_confirmed,point_or_reported_centroid_in_polygon,modeled,not_assessed_thresholds_pending,-3203991.87361736573,-0,0.9999999999999999999999999998,-2966152.334230277369999999999,-1E-21,allocated,-0E-21
UGA,2025,co2e_100yr,forestry-and-land-use,removals,subsector,emissions,synthetic_government_emissions_not_ndc_target,749843.5461954858,synthetic,synthetic,5b103a8a1ea23e424ba95c3dc0a0ae3d60919ad39e2a31e5cb755d49bc981de3,provisional_not_team_confirmed,point_or_reported_centroid_in_polygon,modeled,not_assessed_thresholds_pending,781086.7992207222,0,1.000000000000000000000000000,749843.5461954858000000000001,-1E-22,allocated,0E-22
UGA,2025,co2e_100yr,forestry-and-land-use,removals,subsector,removals,synthetic_government_emissions_not_ndc_target,-55290535.87678142588,synthetic,synthetic,5b103a8a1ea23e424ba95c3dc0a0ae3d60919ad39e2a31e5cb755d49bc981de3,provisional_not_team_confirmed,point_or_reported_centroid_in_polygon,modeled,not_assessed_thresholds_pending,-60021508.36052493925,-0,1.000000000000000000000000000,-55290535.87678142588000000000,-0E-20,allocated,-0E-20
UGA,2025,co2e_100yr,forestry-and-land-use,shrubgrass-fires,subsector,emissions,synthetic_government_emissions_not_ndc_target,30748441.3143469900209,synthetic,synthetic,5b103a8a1ea23e424ba95c3dc0a0ae3d60919ad39e2a31e5cb755d49bc981de3,provisional_not_team_confirmed,point_or_reported_centroid_in_polygon,modeled,not_assessed_thresholds_pending,33066753.2024832351126,0,1.000000000000000000000000001,30748441.31434699002089999996,4E-20,allocated,0E-20
UGA,2025,co2e_100yr,forestry-and-land-use,wetland-fires,subsector,emissions,synthetic_government_emissions_not_ndc_target,415050.1980287815575,synthetic,synthetic,5b103a8a1ea23e424ba95c3dc0a0ae3d60919ad39e2a31e5cb755d49bc981de3,provisional_not_team_confirmed,point_or_reported_centroid_in_polygon,modeled,not_assessed_thresholds_pending,429036.8528250975270,0,0.9999999999999999999999999998,415050.1980287815575000000000,0E-22,allocated,0E-22
UGA,2025,co2e_100yr,manufacturing,cement,subsector,emissions,synthetic_government_emissions_not_ndc_target,1126833.142517,synthetic,synthetic,5b103a8a1ea23e424ba95c3dc0a0ae3d60919ad39e2a31e5cb755d49bc981de3,provisional_not_team_confirmed,point_or_reported_centroid_in_polygon,modeled,not_assessed_thresholds_pending,1089776.715412,0,1.000000000000000000000000000,1126833.142517000000000000000,0E-21,allocated,0E-21
UGA,2025,co2e_100yr,manufacturing,food-beverage-tobacco,subsector,emissions,synthetic_government_emissions_not_ndc_target,71095.72819516,synthetic,synthetic,5b103a8a1ea23e424ba95c3dc0a0ae3d60919ad39e2a31e5cb755d49bc981de3,provisional_not_team_confirmed,point_or_reported_centroid_in_polygon,modeled,not_assessed_thresholds_pending,36463.5772636,0,1,71095.72819516,0E-8,allocated,0E-8
UGA,2025,co2e_100yr,manufacturing,iron-and-steel,subsector,emissions,synthetic_government_emissions_not_ndc_target,0,synthetic,synthetic,5b103a8a1ea23e424ba95c3dc0a0ae3d60919ad39e2a31e5cb755d49bc981de3,provisional_not_team_confirmed,point_or_reported_centroid_in_polygon,modeled,not_assessed_thresholds_pending,0,0,0,0,0,unallocated_no_reference_weight,0
UGA,2025,co2e_100yr,manufacturing,pulp-and-paper,subsector,emissions,synthetic_government_emissions_not_ndc_target,21995.17489555,synthetic,synthetic,5b103a8a1ea23e424ba95c3dc0a0ae3d60919ad39e2a31e5cb755d49bc981de3,provisional_not_team_confirmed,point_or_reported_centroid_in_polygon,modeled,not_assessed_thresholds_pending,12960.5827487,0,1,21995.17489555,0E-8,allocated,0E-8
UGA,2025,co2e_100yr,power,electricity-generation,subsector,emissions,synthetic_government_emissions_not_ndc_target,92129.1452286,synthetic,synthetic,5b103a8a1ea23e424ba95c3dc0a0ae3d60919ad39e2a31e5cb755d49bc981de3,provisional_not_team_confirmed,point_or_reported_centroid_in_polygon,modeled,not_assessed_thresholds_pending,93693.6418710,0,1.000000000000000000000000000,92129.14522860000000000000000,0E-23,allocated,0E-23
UGA,2025,co2e_100yr,transportation,domestic-aviation,subsector,emissions,synthetic_government_emissions_not_ndc_target,2127.3444941810,synthetic,synthetic,5b103a8a1ea23e424ba95c3dc0a0ae3d60919ad39e2a31e5cb755d49bc981de3,provisional_not_team_confirmed,point_or_reported_centroid_in_polygon,modeled,not_assessed_thresholds_pending,2689.4685403654,0,1.000000000000000000000000000,2127.344494181000000000000000,0E-24,allocated,0E-24
UGA,2025,co2e_100yr,transportation,international-aviation,subsector,emissions,synthetic_government_emissions_not_ndc_target,190635.649377,synthetic,synthetic,5b103a8a1ea23e424ba95c3dc0a0ae3d60919ad39e2a31e5cb755d49bc981de3,provisional_not_team_confirmed,point_or_reported_centroid_in_polygon,modeled,not_assessed_thresholds_pending,200282.465495,0,1,190635.649377,0.000000,allocated,0.000000
UGA,2025,co2e_100yr,transportation,road-transportation,subsector,emissions,synthetic_government_emissions_not_ndc_target,8546219.3575975478,synthetic,synthetic,5b103a8a1ea23e424ba95c3dc0a0ae3d60919ad39e2a31e5cb755d49bc981de3,provisional_not_team_confirmed,point_or_reported_centroid_in_polygon,modeled,not_assessed_thresholds_pending,8171088.7840448173,0,1.000000000000000000000000001,8546219.357597547800000000005,-5E-21,allocated,0E-21
UGA,2025,co2e_100yr,waste,domestic-wastewater-treatment-and-discharge,subsector,emissions,synthetic_government_emissions_not_ndc_target,3243221.70594729834,synthetic,synthetic,5b103a8a1ea23e424ba95c3dc0a0ae3d60919ad39e2a31e5cb755d49bc981de3,provisional_not_team_confirmed,point_or_reported_centroid_in_polygon,modeled,not_assessed_thresholds_pending,3031992.45957088503,0,0.9999999999999999999999999994,3243221.705947298340000000002,-2E-21,allocated,0E-21
UGA,2025,co2e_100yr,waste,industrial-wastewater-treatment-and-discharge,subsector,emissions,synthetic_government_emissions_not_ndc_target,852.53482071,synthetic,synthetic,5b103a8a1ea23e424ba95c3dc0a0ae3d60919ad39e2a31e5cb755d49bc981de3,provisional_not_team_confirmed,point_or_reported_centroid_in_polygon,modeled,not_assessed_thresholds_pending,862.042257488,0,1,852.53482071,0E-8,allocated,0E-8
UGA,2025,co2e_100yr,waste,solid-waste-disposal,subsector,emissions,synthetic_government_emissions_not_ndc_target,27730.849108369,synthetic,synthetic,5b103a8a1ea23e424ba95c3dc0a0ae3d60919ad39e2a31e5cb755d49bc981de3,provisional_not_team_confirmed,point_or_reported_centroid_in_polygon,modeled,not_assessed_thresholds_pending,15502.88120932,0,1.000000000000000000000000000,27730.84910836900000000000000,0E-23,allocated,0E-23
