ndc_country,target_id,ndc_sector,climate_trace_sector_key,metric_type,baseline_year,baseline_value,target_year,target_value,target_unit,conditionality,target_text,target_scope,target_source,source_url
"UGA","t0","economy-wide","","emissions-reduction","2015","90.1","2030","112.1","MtCO₂e","Mixed","Reduce economy-wide GHG emissions by 24.7% below Business-As-Usual (BAU) by 2030 (full conditional target: 112.1 MtCO₂e). Unconditional contribution: 5.9% below BAU → 140.1 MtCO₂e, funded by domestic resources. Conditional contribution: additional 18.8% reduction subject to international finance, capacity-building and technology transfer. BAU 2030 reference: 148.8 MtCO₂e. Base year: 2015 (90.1 MtCO₂e).","national","Uganda Updated NDC (September 2022)","https://unfccc.int/sites/default/files/NDC/2022-09/Updated%20NDC%20_Uganda_2022%20Final.pdf"
"UGA","t1","afolu","afolu","emissions-reduction","2015","77.6","2030","91.8","MtCO₂e","Mixed","Reduce AFOLU sector GHG emissions by 24.9% below BAU levels to 91.8 MtCO₂e by 2030 (BAU 2030: 122.2 MtCO₂e; absolute reduction from BAU: 30.4 MtCO₂e). Measures: REDD+, sustainable land use & agroforestry, commercial plantations, energy-efficient stoves, livestock management, wetlands & peatland restoration. AFOLU contributes 82.7% of Uganda's total mitigation effort.","national","Uganda Updated NDC (September 2022)","https://unfccc.int/sites/default/files/NDC/2022-09/Updated%20NDC%20_Uganda_2022%20Final.pdf"
"UGA","t2","afolu","","forest-cover","2020","12.5","2030","21","% land area","Conditional","Increase national forest cover from 12.5% in 2020 to 15% by 2025 and 21% of total land area by 2030 through afforestation, reforestation, REDD+, and landscape restoration (Bonn Challenge: 2.5 million ha landscape restored by 2030).","national","Uganda Updated NDC (September 2022)","https://unfccc.int/sites/default/files/NDC/2022-09/Updated%20NDC%20_Uganda_2022%20Final.pdf"
"UGA","t9","afolu","","wetlands-coverage","2020","8.9","2030","12","% land area","Conditional","Increase wetlands coverage from 8.9% in 2020 to 9.57% by 2025 and 12% of land area by 2030 through demarcation, gazettement, and restoration of degraded wetlands. Mitigation co-benefit: 0.4 MtCO₂e reduction by 2030.","national","Uganda Updated NDC (September 2022)","https://unfccc.int/sites/default/files/NDC/2022-09/Updated%20NDC%20_Uganda_2022%20Final.pdf"
"UGA","t4","energy","energy","emissions-reduction","2015","5.66","2030","10.1","MtCO₂e","Mixed","Limit energy sector (stationary) GHG emissions to 10.10 MtCO₂e by 2030 — a 18.8% reduction below BAU of 12.44 MtCO₂e (-2.34 MtCO₂e). Measures: renewable energy generation (756.8 MW hydro + solar + wind), improved charcoal kiln efficiency (12%→75%), industrial energy efficiency and fuel switching, improved cookstoves (65,000/yr), increased electricity access (100% by 2030), 75% reduction in lighting energy use.","national","Uganda Updated NDC (September 2022)","https://unfccc.int/sites/default/files/NDC/2022-09/Updated%20NDC%20_Uganda_2022%20Final.pdf"
"UGA","t3","energy","","electricity-capacity","2020","1276.2","2030","4200","MW","Mixed","Increase electricity generation capacity from 1,276.2 MW in 2020 to 3,500 MW by 2025 and 4,200 MW by 2030. Increase the share of population with access to electricity from 24% in 2020 to 60% by 2025 and 75% by 2030. Increase clean energy share for cooking from 15% (2020) to 50% (2025) to 65% (2030).","national","Uganda Updated NDC (September 2022)","https://unfccc.int/sites/default/files/NDC/2022-09/Updated%20NDC%20_Uganda_2022%20Final.pdf"
"UGA","t5","transport","transport","emissions-reduction","2015","4.2","2030","6.8","MtCO₂e","Conditional","Limit transport sector GHG emissions to 6.8 MtCO₂e by 2030 — a 29% reduction below BAU of 9.6 MtCO₂e (-2.78 MtCO₂e). Measures: road fuel efficiency improvement (20% by 2030, GFEI 50by50), 1% per year alternative fuel switch, 200 e-buses in GKMA, 100 km NMT corridors in Kampala, 61 km passenger rail rehabilitation, BRT (101 km in GKMA by 2030). Transport is a new sector added in Uganda's Updated NDC 2022.","national","Uganda Updated NDC (September 2022)","https://unfccc.int/sites/default/files/NDC/2022-09/Updated%20NDC%20_Uganda_2022%20Final.pdf"
"UGA","t6","waste","waste","emissions-reduction","2015","2.08","2030","2.09","MtCO₂e","Conditional","Limit waste sector GHG emissions to 2.09 MtCO₂e by 2030 — a 34.8% reduction below BAU of 3.19 MtCO₂e (-1.10 MtCO₂e). Measures: Green Cities Waste Management (5 cities + 15 municipalities: solid waste reduction, recycling, reuse, wastewater treatment in Kampala, Gulu, Mbarara, Hoima, Mbale) and Schools Bio-Latrines NAMA. Waste is a new sector added in Uganda's Updated NDC 2022.","national","Uganda Updated NDC (September 2022)","https://unfccc.int/sites/default/files/NDC/2022-09/Updated%20NDC%20_Uganda_2022%20Final.pdf"
"UGA","t7","ippu","ippu","emissions-reduction","2015","0.57","2030","0.86","MtCO₂e","Conditional","Limit IPPU sector GHG emissions to 0.86 MtCO₂e by 2030 — a 14% reduction below BAU of 1.0 MtCO₂e (-0.14 MtCO₂e). Main measure: clinker substitution in cement production with pozzolana, fly-ash, or slag. Additional measure: circular economy management of refrigerants (Kigali Amendment). IPPU is a new sector added in Uganda's Updated NDC 2022.","national","Uganda Updated NDC (September 2022)","https://unfccc.int/sites/default/files/NDC/2022-09/Updated%20NDC%20_Uganda_2022%20Final.pdf"
"UGA","t8","agriculture","","activity-share","2020","31.7","2030","70.7","% CSA adoption","Mixed","Increase the proportion of farmers practicing sustainable land management (including climate-smart agriculture, agroforestry) from 31.7% to 51.2% by 2025 and an estimated 70.7% by 2030. Area under irrigation to grow from 19,776 ha to 28,934 ha by 2025 and an estimated 152,622 ha by 2030. Agriculture measures contribute to the AFOLU NDC target (no standalone agriculture emissions target in NDC 2022).","national","Uganda Updated NDC (September 2022)","https://unfccc.int/sites/default/files/NDC/2022-09/Updated%20NDC%20_Uganda_2022%20Final.pdf"
"UGA","t10","energy","","electricity-access","2020","24","2030","75","% electricity access","Mixed","Increase the proportion of the population with access to electricity from 24% (2020) to 60% by 2025 and 75% by 2030. Increase the share of clean energy for cooking from 15% to 65% by 2030, reducing biomass share from 88% to 40%. Adaptation target under the Energy sector with mitigation co-benefits.","national","Uganda Updated NDC (September 2022)","https://unfccc.int/sites/default/files/NDC/2022-09/Updated%20NDC%20_Uganda_2022%20Final.pdf"
